Param,Value1,Value2
0,0.07488515235475968,27
1,0.799305235722516,54
2,0.05951599414957176,18
3,0.1331341728324118,45
4,0.8493032953241917,97
5,0.9849457112906503,46
6,0.9055280205918955,57
7,0.8821172748902598,52
8,0.4840683530557738,33
9,0.6683053400008853,49
